{
    "А": {
      "Астрономия": "Наука о звёздах, планетах и космосе.",
      "Атмосфера": "Газовая оболочка Земли.",
      "Атом": "Мельчайшая частица вещества.",
      "Антарктида": "Самый холодный материк.",
      "Алмаз": "Твёрдый минерал, форма углерода."
    },
    "Б": {
      "Бактерии": "Микроскопические организмы.",
      "Биология": "Наука о живых существах.",
      "Белки": "Органические вещества в клетках.",
      "Базальт": "Вулканическая горная порода.",
      "Барометр": "Прибор для измерения давления."
    },
    "В": {
      "Вулкан": "Гора, извергающая лаву.",
      "Вода": "H₂O, основа жизни.",
      "Водород": "Самый лёгкий химический элемент.",
      "Вирус": "Микроскопический возбудитель болезней.",
      "Вакуум": "Пространство без вещества."
    },
    "Г": {
      "Галактика": "Система из звёзд, планет и туманностей.",
      "Генетика": "Наука о наследственности.",
      "Гравитация": "Сила притяжения между объектами.",
      "Геология": "Наука о Земле и её строении.",
      "Глобус": "Модель Земли."
    },
    "Д": {
      "ДНК": "Молекула наследственности.",
      "Динозавры": "Древние вымершие рептилии.",
      "Давление": "Сила, действующая на поверхность.",
      "Дождь": "Атмосферные осадки.",
      "Деление клетки": "Процесс размножения клеток."
    },
    "Е": {
      "Европа": "Спутник Юпитера с подлёдным океаном.",
      "Ель": "Хвойное дерево.",
      "Естествознание": "Комплекс наук о природе.",
      "Единица измерения": "Эталон для сравнения величин.",
      "Ехидна": "Яйцекладущее млекопитающее."
    },
    "Ё": {
      "Ёж": "Млекопитающее с иголками.",
      "Ёмкость": "Способность накапливать заряд или вещество.",
      "Ёрш": "Небольшая пресноводная рыба.",
      "Ёлка": "Народное название хвойных деревьев.",
      "Ёмкостное сопротивление": "Физический термин в электротехнике."
    },
    "Ж": {
      "Животные": "Царство многоклеточных организмов.",
      "Железо": "Химический элемент (Fe).",
      "Жабры": "Органы дыхания рыб.",
      "Жара": "Высокая температура воздуха.",
      "Жук": "Насекомое с жёсткими надкрыльями."
    },
    "З": {
      "Звезда": "Раскалённое космическое тело.",
      "Земля": "Третья планета от Солнца.",
      "Закон Архимеда": "Закон о выталкивающей силе.",
      "Зоология": "Наука о животных.",
      "Затмение": "Солнечное или лунное."
    },
    "И": {
      "Ион": "Заряженная частица.",
      "Иммунитет": "Защита организма от болезней.",
      "Ископаемые": "Остатки древних организмов.",
      "Иридий": "Редкий металл (Ir).",
      "Изотопы": "Атомы одного элемента с разной массой."
    },
    "Й": {
      "Йод": "Химический элемент (I), важный для щитовидной железы.",
      "Йеллоустоун": "Национальный парк с супервулканом.",
      "Йогурт": "Кисломолочный продукт с бактериями.",
      "Йоркширский терьер": "Порода собак.",
      "Йота": "Буква греческого алфавита, обозначает малую величину."
    },
    "К": {
      "Космос": "Вселенная за пределами Земли.",
      "Клетка": "Единица строения организмов.",
      "Кислород": "Газ (O₂), необходимый для дыхания.",
      "Квант": "Минимальная порция энергии.",
      "Климат": "Многолетний режим погоды."
    },
    "Л": {
      "Луна": "Естественный спутник Земли.",
      "Лёд": "Твёрдая фаза воды.",
      "Лазер": "Устройство для усиления света.",
      "Лаборатория": "Место для научных опытов.",
      "Литосфера": "Твёрдая оболочка Земли."
    },
    "М": {
      "Молекула": "Частица из атомов.",
      "Магнит": "Тело с магнитным полем.",
      "Метеор": "Явление сгорания космического тела в атмосфере.",
      "Микроскоп": "Прибор для увеличения мелких объектов.",
      "Мутация": "Изменение в ДНК."
    },
    "Н": {
      "Небо": "Видимое пространство над Землёй.",
      "Нейрон": "Клетка нервной системы.",
      "Нуклеотид": "Блок ДНК или РНК.",
      "Нефть": "Ископаемое топливо.",
      "Ньютон": "Единица силы (F=ma)."
    },
    "О": {
      "Озон": "Газ (O₃), защищающий от ультрафиолета.",
      "Орбита": "Траектория движения планет.",
      "Океан": "Крупнейший водоём.",
      "Окаменелость": "Остаток древнего организма.",
      "Оптика": "Раздел физики о свете."
    },
    "П": {
      "Планета": "Небесное тело, вращающееся вокруг звезды.",
      "Популяция": "Группа организмов одного вида.",
      "Полимер": "Молекула из повторяющихся звеньев.",
      "Параллельные вселенные": "Гипотетические миры.",
      "Полярная звезда": "Указывает на север."
    },
    "Р": {
      "Реакция": "Химическое взаимодействие веществ.",
      "РНК": "Рибонуклеиновая кислота.",
      "Радиация": "Излучение энергии.",
      "Рефлекс": "Автоматическая реакция организма.",
      "Ртуть": "Жидкий металл (Hg)."
    },
    "С": {
      "Солнце": "Звезда Солнечной системы.",
      "Синтез": "Соединение элементов.",
      "Сверхновая": "Взрыв звезды.",
      "Симбиоз": "Взаимовыгодное сожительство.",
      "Сейсмограф": "Прибор для записи землетрясений."
    },
    "Т": {
      "Телескоп": "Прибор для наблюдения за звёздами.",
      "Температура": "Мера тепловой энергии.",
      "Торнадо": "Смерч, вихревой поток.",
      "Ткань": "Группа клеток в организме.",
      "Термодинамика": "Наука о тепле и энергии."
    },
    "У": {
      "Углерод": "Химический элемент (C), основа жизни.",
      "Ураган": "Сильный ветер со скоростью > 30 м/с.",
      "Ультразвук": "Звук выше 20 кГц.",
      "Уран": "Планета и химический элемент (U).",
      "Ускорение": "Изменение скорости (a = Δv/Δt)."
    },
    "Ф": {
      "Фотосинтез": "Процесс образования глюкозы у растений.",
      "Фотон": "Частица света.",
      "Фермент": "Белок-катализатор реакций.",
      "Фауна": "Совокупность животных.",
      "Фрактал": "Геометрическая фигура с самоподобием."
    },
    "Х": {
      "Хлорофилл": "Пигмент растений для фотосинтеза.",
      "Хромосома": "Носитель генетической информации.",
      "Химия": "Наука о веществах.",
      "Хаос": "Неупорядоченное состояние системы.",
      "Хребет": "Горная цепь или позвоночник."
    },
    "Ц": {
      "Цитоплазма": "Внутренняя среда клетки.",
      "Цунами": "Гигантская волна.",
      "Центрифуга": "Прибор для разделения веществ.",
      "Цветение": "Период размножения растений.",
      "Циклон": "Атмосферный вихрь."
    },
    "Ч": {
      "Чёрная дыра": "Объект с огромной гравитацией.",
      "Череп": "Костная часть головы.",
      "Частота": "Количество колебаний в секунду (Гц).",
      "Чайка": "Морская птица.",
      "Четвертичный период": "Эра в геологии."
    },
    "Ш": {
      "Шум": "Беспорядочные звуковые колебания.",
      "Шаровая молния": "Редкое атмосферное явление.",
      "Шельф": "Подводная окраина материка.",
      "Штамм": "Чистая культура микроорганизмов.",
      "Широта": "Географическая координата."
    },
    "Щ": {
      "Щелочь": "Вещество с pH > 7.",
      "Щитовидная железа": "Орган эндокринной системы.",
      "Щука": "Пресноводная хищная рыба.",
      "Щебень": "Горная порода в виде обломков.",
      "Щетинка": "Жёсткий волосок у животных."
    },
    "Э": {
      "Эволюция": "Развитие видов.",
      "Экосистема": "Сообщество организмов и среды.",
      "Электрон": "Отрицательно заряженная частица.",
      "Энергия": "Способность совершать работу.",
      "Эфир": "Гипотетическая среда (в истории физики)."
    },
    "Ю": {
      "Юпитер": "Самая большая планета Солнечной системы.",
      "Юрский период": "Эра динозавров.",
      "Южный полюс": "Точка пересечения оси Земли.",
      "Юнга модуль": "Характеристика упругости материала.",
      "Юла": "Вращающийся волчок (пример гироскопа)."
    },
    "Я": {
      "Ядро": "Центральная часть клетки или планеты.",
      "Ящерица": "Пресмыкающееся.",
      "Яркость": "Характеристика света.",
      "Ядро Земли": "Слой из железа и никеля.",
      "Янтарь": "Окаменевшая смола."
    }
  }